Title,Username,All the tags,Number of tags
"German Chaplain conducting a service on the Eastern front","Christopher Wilson","alter" "chaplain" "service" "church" "candles" "priest" "religious" "cross" "vicar" "stole" "army" "military" "21infanteriedivisionlivinghistorysociety" "artdepartment" "dressingprops" "standbyprops" "chriswilson" "germansoldiers" "germanofficers" "filmunit" "location" "assistantdirector" "production" "producers" "drama" "reconstruction" "hire" "documentary" "walkon" "extras" "wehrmacht" "supportingartists" "ww2" "manager" "prop" "thirdreich" "actionvehiclehire" "ww2vehiclehire" "reverend" "militarychaplaincy" "chaplains" "pastor" "catholicchaplain" "mass" "clergyman" "commissionedchaplain" "priesthood" "ideology" "armybishop" "fuldabishopsconference" "clergy" "chaplaincy" "feldbischof" "pastoralfunction" "fieldbishopofthegermanarmy" "catholicchaplainslitzen" "germanromancatholicbishop" "vehiclehire",58
"Chaplain conducting a service, 21. Infanterie Division Living History Society,","Christopher Wilson","chaplain" "service" "church" "candles" "priest" "religious" "cross" "vicar" "stole" "army" "military" "21infanteriedivisionlivinghistorysociety" "alter" "artdepartment" "dressingprops" "standbyprops" "chriswilson" "germansoldiers" "germanofficers" "filmunit" "location" "assistantdirector" "production" "producers" "drama" "reconstruction" "hire" "documentary" "walkon" "extras" "wehrmacht" "supportingartists" "ww2" "manager" "prop" "thirdreich" "actionvehiclehire" "ww2vehiclehire" "reverend" "militarychaplaincy" "chaplains" "pastor" "catholicchaplain" "mass" "clergyman" "commissionedchaplain" "priesthood" "ideology" "armybishop" "fuldabishopsconference" "clergy" "chaplaincy" "feldbischof" "pastoralfunction" "fieldbishopofthegermanarmy" "catholicchaplainslitzen" "germanromancatholicbishop",57
"German Chaplain, Eastern Front 1944","Christopher Wilson","chaplain" "service" "church" "candles" "priest" "religious" "cross" "vicar" "stole" "army" "military" "21infanteriedivisionlivinghistorysociety" "artdepartment" "dressingprops" "standbyprops" "chriswilson" "germansoldiers" "germanofficers" "filmunit" "location" "assistantdirector" "production" "producers" "drama" "reconstruction" "hire" "documentary" "walkon" "extras" "wehrmacht" "supportingartists" "ww2" "manager" "prop" "thirdreich" "actionvehiclehire" "ww2vehiclehire" "reverend" "militarychaplaincy" "chaplains" "pastor" "catholicchaplain" "mass" "clergyman" "commissionedchaplain" "priesthood" "ideology" "armybishop" "fuldabishopsconference" "clergy" "chaplaincy" "feldbischof" "pastoralfunction" "fieldbishopofthegermanarmy" "catholicchaplainslitzen" "germanromancatholicbishop",56
"Latinoameri With Palestine","Kombizz","1200909" "kombizz" "london" "2017" "4thnov2017" "zionism" "zionist" "palestineprotesting" "freepalestine" "israeliapartheid" "palestiniangenocide" "photojournalism" "currentevents" "intifada" "israel" "palestine" "settlers" "falastin" "pal√§stina" "stoparmingisrael" "vivapalestine" "gazaunderattack" "friendsofalaqsa" "illegalsettlements" "palestinesolidaritycampaign" "pray4gaza" "terroristisrael" "israeliterrorism" "justicenow" "palestinewillbefree" "balfourdeclaration" "icc4israel" "balfour100" "zionismagainsthumanity" "ÿßsavepalestina" "israelisaterroriststate" "boycottisrael" "bdsmovement" "palestinians" "palestinianlivesmatter" "latinoameriwithpalestine" "vivafidel" "vivachavez" "fidel" "chavez",45
"The Sweet Shop üç≠","AnneJ ·É¶","star" "heart" "sweetshop" "monochrome" "devon" "tribute" "window" "war" "uk" "britain" "gb" "september" "2017" "1917" "story" "cockington" "village" "england" "shop" "artsandcrafts" "sweets" "confectioners" "confectionary" "wartime" "family" "thankful" "appreciation" "fudge" "open" "priorities" "gratitude" "life" "living" "bw" "travel" "vacation" "creative" "nostalgia" "building" "stones" "bricks" "architecture" "europe" "billboard" "lollipop",45
"Build the Wall","Kombizz","1200912" "kombizz" "london" "2017" "4thnov2017" "zionism" "zionist" "palestineprotesting" "freepalestine" "israeliapartheid" "palestiniangenocide" "photojournalism" "currentevents" "intifada" "israel" "palestine" "settlers" "falastin" "pal√§stina" "stoparmingisrael" "vivapalestine" "gazaunderattack" "friendsofalaqsa" "illegalsettlements" "palestinesolidaritycampaign" "pray4gaza" "terroristisrael" "israeliterrorism" "justicenow" "palestinewillbefree" "balfourdeclaration" "icc4israel" "balfour100" "zionismagainsthumanity" "ÿßsavepalestina" "israelisaterroriststate" "boycottisrael" "bdsmovement" "palestinians" "palestinianlivesmatter" "buildthewall" "iresign" "trump" "trumpmask",44
"Dr Mustafa Barghouthi and Hugh Lanning","Kombizz","1200897" "kombizz" "london" "2017" "4thnov2017" "zionism" "zionist" "palestineprotesting" "freepalestine" "israeliapartheid" "palestiniangenocide" "photojournalism" "currentevents" "intifada" "israel" "palestine" "settlers" "falastin" "pal√§stina" "stoparmingisrael" "vivapalestine" "gazaunderattack" "friendsofalaqsa" "illegalsettlements" "palestinesolidaritycampaign" "pray4gaza" "terroristisrael" "israeliterrorism" "justicenow" "palestinewillbefree" "balfourdeclaration" "icc4israel" "balfour100" "zionismagainsthumanity" "ÿßsavepalestina" "israelisaterroriststate" "boycottisrael" "bdsmovement" "palestinians" "palestinianlivesmatter" "hughlanning" "drmustafabarghouthiandhughlanning" "drmustafabarghouthi",43
"Ken Loach","Kombizz","1200895" "kombizz" "london" "2017" "4thnov2017" "zionism" "zionist" "palestineprotesting" "freepalestine" "israeliapartheid" "palestiniangenocide" "photojournalism" "currentevents" "intifada" "israel" "palestine" "settlers" "falastin" "pal√§stina" "stoparmingisrael" "vivapalestine" "gazaunderattack" "friendsofalaqsa" "illegalsettlements" "palestinesolidaritycampaign" "pray4gaza" "terroristisrael" "israeliterrorism" "justicenow" "palestinewillbefree" "balfourdeclaration" "icc4israel" "balfour100" "zionismagainsthumanity" "ÿßsavepalestina" "israelisaterroriststate" "boycottisrael" "bdsmovement" "palestinians" "palestinianlivesmatter" "kenloach" "filmmaker" "pscpatron",43
"Dr Mustafa Barghouthi  and Hugh Lanning","Kombizz","1200902" "kombizz" "london" "2017" "4thnov2017" "zionism" "zionist" "palestineprotesting" "freepalestine" "israeliapartheid" "palestiniangenocide" "photojournalism" "currentevents" "intifada" "israel" "palestine" "settlers" "falastin" "pal√§stina" "stoparmingisrael" "vivapalestine" "gazaunderattack" "friendsofalaqsa" "illegalsettlements" "palestinesolidaritycampaign" "pray4gaza" "terroristisrael" "israeliterrorism" "justicenow" "palestinewillbefree" "balfourdeclaration" "icc4israel" "balfour100" "zionismagainsthumanity" "ÿßsavepalestina" "israelisaterroriststate" "boycottisrael" "bdsmovement" "palestinians" "palestinianlivesmatter" "hughlanning" "drmustafabarghouthiandhughlanning" "drmustafabarghouthi",43
"Mahatma Gandhi - Palestine Must be Free","Kombizz","1200908" "kombizz" "london" "2017" "4thnov2017" "zionism" "zionist" "palestineprotesting" "freepalestine" "israeliapartheid" "palestiniangenocide" "photojournalism" "currentevents" "intifada" "israel" "palestine" "settlers" "falastin" "pal√§stina" "stoparmingisrael" "vivapalestine" "gazaunderattack" "friendsofalaqsa" "illegalsettlements" "palestinesolidaritycampaign" "pray4gaza" "terroristisrael" "israeliterrorism" "justicenow" "palestinewillbefree" "balfourdeclaration" "icc4israel" "balfour100" "zionismagainsthumanity" "ÿßsavepalestina" "israelisaterroriststate" "boycottisrael" "bdsmovement" "palestinians" "palestinianlivesmatter" "mahatmagandhipalestinemustbefree" "mahatmagandhi" "palestinemustbefree",43
"Disappearing Palestine","Kombizz","1200910" "kombizz" "london" "2017" "4thnov2017" "zionism" "zionist" "palestineprotesting" "freepalestine" "israeliapartheid" "palestiniangenocide" "photojournalism" "currentevents" "intifada" "israel" "palestine" "settlers" "falastin" "pal√§stina" "stoparmingisrael" "vivapalestine" "gazaunderattack" "friendsofalaqsa" "illegalsettlements" "palestinesolidaritycampaign" "pray4gaza" "terroristisrael" "israeliterrorism" "justicenow" "palestinewillbefree" "balfourdeclaration" "icc4israel" "balfour100" "zionismagainsthumanity" "ÿßsavepalestina" "israelisaterroriststate" "boycottisrael" "bdsmovement" "palestinians" "palestinianlivesmatter" "disappearingpalestine" "map" "palestinelands",43
"Mahatma Gandhi - Palestine Must be Free","Kombizz","1200908" "kombizz" "london" "2017" "4thnov2017" "zionism" "zionist" "palestineprotesting" "freepalestine" "israeliapartheid" "palestiniangenocide" "photojournalism" "currentevents" "intifada" "israel" "palestine" "settlers" "falastin" "pal√§stina" "stoparmingisrael" "vivapalestine" "gazaunderattack" "friendsofalaqsa" "illegalsettlements" "palestinesolidaritycampaign" "pray4gaza" "terroristisrael" "israeliterrorism" "justicenow" "palestinewillbefree" "balfourdeclaration" "icc4israel" "balfour100" "zionismagainsthumanity" "ÿßsavepalestina" "israelisaterroriststate" "boycottisrael" "bdsmovement" "palestinians" "palestinianlivesmatter" "mahatmagandhipalestinemustbefree" "mahatmagandhi" "palestinemustbefree",43
"Palestinian Supporter","Kombizz","1200898" "kombizz" "london" "2017" "4thnov2017" "zionism" "zionist" "palestineprotesting" "freepalestine" "israeliapartheid" "palestiniangenocide" "photojournalism" "currentevents" "intifada" "israel" "palestine" "settlers" "falastin" "pal√§stina" "stoparmingisrael" "vivapalestine" "gazaunderattack" "friendsofalaqsa" "illegalsettlements" "palestinesolidaritycampaign" "pray4gaza" "terroristisrael" "israeliterrorism" "justicenow" "palestinewillbefree" "balfourdeclaration" "icc4israel" "balfour100" "zionismagainsthumanity" "ÿßsavepalestina" "israelisaterroriststate" "boycottisrael" "bdsmovement" "palestinians" "palestinianlivesmatter" "palestiniansupporter" "candid",42
"Make it Right it for Palestine","Kombizz","1200911" "kombizz" "london" "2017" "4thnov2017" "zionism" "zionist" "palestineprotesting" "freepalestine" "israeliapartheid" "palestiniangenocide" "photojournalism" "currentevents" "intifada" "israel" "palestine" "settlers" "falastin" "pal√§stina" "stoparmingisrael" "vivapalestine" "gazaunderattack" "friendsofalaqsa" "illegalsettlements" "palestinesolidaritycampaign" "pray4gaza" "terroristisrael" "israeliterrorism" "justicenow" "palestinewillbefree" "balfourdeclaration" "icc4israel" "balfour100" "zionismagainsthumanity" "ÿßsavepalestina" "israelisaterroriststate" "boycottisrael" "bdsmovement" "palestinians" "palestinianlivesmatter" "makeitrightitforpalestine" "placards",42
"Listening Volunteer","Kombizz","1200899" "kombizz" "london" "2017" "4thnov2017" "zionism" "zionist" "palestineprotesting" "freepalestine" "israeliapartheid" "palestiniangenocide" "photojournalism" "currentevents" "intifada" "israel" "palestine" "settlers" "falastin" "pal√§stina" "stoparmingisrael" "vivapalestine" "gazaunderattack" "friendsofalaqsa" "illegalsettlements" "palestinesolidaritycampaign" "pray4gaza" "terroristisrael" "israeliterrorism" "justicenow" "palestinewillbefree" "balfourdeclaration" "icc4israel" "balfour100" "zionismagainsthumanity" "ÿßsavepalestina" "israelisaterroriststate" "boycottisrael" "bdsmovement" "palestinians" "palestinianlivesmatter" "listeningvolunteer" "candid",42
"Hugh Lanning","Kombizz","1200885" "kombizz" "london" "2017" "4thnov2017" "zionism" "zionist" "palestineprotesting" "freepalestine" "israeliapartheid" "palestiniangenocide" "photojournalism" "currentevents" "intifada" "israel" "palestine" "settlers" "falastin" "pal√§stina" "stoparmingisrael" "vivapalestine" "gazaunderattack" "friendsofalaqsa" "illegalsettlements" "palestinesolidaritycampaign" "pray4gaza" "terroristisrael" "israeliterrorism" "justicenow" "palestinewillbefree" "balfourdeclaration" "icc4israel" "balfour100" "zionismagainsthumanity" "ÿßsavepalestina" "israelisaterroriststate" "boycottisrael" "bdsmovement" "palestinians" "palestinianlivesmatter" "hughlanning",41
"Hugh Lanning","Kombizz","1200886" "kombizz" "london" "2017" "4thnov2017" "zionism" "zionist" "palestineprotesting" "freepalestine" "israeliapartheid" "palestiniangenocide" "photojournalism" "currentevents" "intifada" "israel" "palestine" "settlers" "falastin" "pal√§stina" "stoparmingisrael" "vivapalestine" "gazaunderattack" "friendsofalaqsa" "illegalsettlements" "palestinesolidaritycampaign" "pray4gaza" "terroristisrael" "israeliterrorism" "justicenow" "palestinewillbefree" "balfourdeclaration" "icc4israel" "balfour100" "zionismagainsthumanity" "ÿßsavepalestina" "israelisaterroriststate" "boycottisrael" "bdsmovement" "palestinians" "palestinianlivesmatter" "hughlanning",41
"Dr Mustafa Barghouthi","Kombizz","1200890" "kombizz" "london" "2017" "4thnov2017" "zionism" "zionist" "palestineprotesting" "freepalestine" "israeliapartheid" "palestiniangenocide" "photojournalism" "currentevents" "intifada" "israel" "palestine" "settlers" "falastin" "pal√§stina" "stoparmingisrael" "vivapalestine" "gazaunderattack" "friendsofalaqsa" "illegalsettlements" "palestinesolidaritycampaign" "pray4gaza" "terroristisrael" "israeliterrorism" "justicenow" "palestinewillbefree" "balfourdeclaration" "icc4israel" "balfour100" "zionismagainsthumanity" "ÿßsavepalestina" "israelisaterroriststate" "boycottisrael" "bdsmovement" "palestinians" "palestinianlivesmatter" "drmustafabarghouthi",41
"Palestinian Supporter","Kombizz","1200891" "kombizz" "london" "2017" "4thnov2017" "zionism" "zionist" "palestineprotesting" "freepalestine" "israeliapartheid" "palestiniangenocide" "photojournalism" "currentevents" "intifada" "israel" "palestine" "settlers" "falastin" "pal√§stina" "stoparmingisrael" "vivapalestine" "gazaunderattack" "friendsofalaqsa" "illegalsettlements" "palestinesolidaritycampaign" "pray4gaza" "terroristisrael" "israeliterrorism" "justicenow" "palestinewillbefree" "balfourdeclaration" "icc4israel" "balfour100" "zionismagainsthumanity" "ÿßsavepalestina" "israelisaterroriststate" "boycottisrael" "bdsmovement" "palestinians" "palestinianlivesmatter" "palestiniansupporter",41
"Ben Jamal","Kombizz","1200901" "kombizz" "london" "2017" "4thnov2017" "zionism" "zionist" "palestineprotesting" "freepalestine" "israeliapartheid" "palestiniangenocide" "photojournalism" "currentevents" "intifada" "israel" "palestine" "settlers" "falastin" "pal√§stina" "stoparmingisrael" "vivapalestine" "gazaunderattack" "friendsofalaqsa" "illegalsettlements" "palestinesolidaritycampaign" "pray4gaza" "terroristisrael" "israeliterrorism" "justicenow" "palestinewillbefree" "balfourdeclaration" "icc4israel" "balfour100" "zionismagainsthumanity" "ÿßsavepalestina" "israelisaterroriststate" "boycottisrael" "bdsmovement" "palestinians" "palestinianlivesmatter" "benjamal",41
"Justice Now","Kombizz","1200906" "kombizz" "london" "2017" "4thnov2017" "zionism" "zionist" "palestineprotesting" "freepalestine" "israeliapartheid" "palestiniangenocide" "photojournalism" "currentevents" "intifada" "israel" "palestine" "settlers" "falastin" "pal√§stina" "stoparmingisrael" "vivapalestine" "gazaunderattack" "friendsofalaqsa" "illegalsettlements" "palestinesolidaritycampaign" "pray4gaza" "terroristisrael" "israeliterrorism" "justicenow" "palestinewillbefree" "balfourdeclaration" "icc4israel" "balfour100" "zionismagainsthumanity" "ÿßsavepalestina" "israelisaterroriststate" "boycottisrael" "bdsmovement" "palestinians" "palestinianlivesmatter" "placards",41
"Dr Mustafa Barghouthi","Kombizz","1200894" "kombizz" "london" "2017" "4thnov2017" "zionism" "zionist" "palestineprotesting" "freepalestine" "israeliapartheid" "palestiniangenocide" "photojournalism" "currentevents" "intifada" "israel" "palestine" "settlers" "falastin" "pal√§stina" "stoparmingisrael" "vivapalestine" "gazaunderattack" "friendsofalaqsa" "illegalsettlements" "palestinesolidaritycampaign" "pray4gaza" "terroristisrael" "israeliterrorism" "justicenow" "palestinewillbefree" "balfourdeclaration" "icc4israel" "balfour100" "zionismagainsthumanity" "ÿßsavepalestina" "israelisaterroriststate" "boycottisrael" "bdsmovement" "palestinians" "palestinianlivesmatter" "drmustafabarghouthi",41
"Dr Mustafa Barghouthi","Kombizz","1200887" "kombizz" "london" "2017" "4thnov2017" "zionism" "zionist" "palestineprotesting" "freepalestine" "israeliapartheid" "palestiniangenocide" "photojournalism" "currentevents" "intifada" "israel" "palestine" "settlers" "falastin" "pal√§stina" "stoparmingisrael" "vivapalestine" "gazaunderattack" "friendsofalaqsa" "illegalsettlements" "palestinesolidaritycampaign" "pray4gaza" "terroristisrael" "israeliterrorism" "justicenow" "palestinewillbefree" "balfourdeclaration" "icc4israel" "balfour100" "zionismagainsthumanity" "ÿßsavepalestina" "israelisaterroriststate" "boycottisrael" "bdsmovement" "palestinians" "palestinianlivesmatter" "drmustafabarghouthi",41
"","K3L3H","balance" "balancing" "beam" "between" "brain" "choice" "choose" "compare" "comparing" "comparison" "concept" "decide" "deciding" "emotion" "emotional" "faith" "feel" "feelings" "happiness" "head" "heart" "ideas" "intellectual" "intelligence" "isolated" "love" "mind" "priorities" "reason" "science" "scale" "seesaw" "soul" "think" "thinking" "thoughts" "versus" "vs" "weigh" "weighing" "white",41
"A July meeting","Special IG for Afghanistan Reconstruction","20170709" "kabul" "09july2017" "unitednations" "unama" "mrtadamichiyamamoto" "attended" "deliveredspeech" "opening" "20thjointcoordinationandmonitoringboard" "jcmb" "meeting" "towardssom2017" "presidentialpalace" "afghanistan" "afghanleaders" "highlevel" "representatives" "international" "community" "security" "development" "priorities" "country" "identify" "internationalsupport" "people" "important" "conferencessecuritydevelopment" "presidentashrafghani" "cochairs" "eklilhakimi" "ministeroffinance" "tadamichiyamamoto" "srsg" "fardinwaezi" "un" "photo" "july" "2017" "afg",41
"Afghan Government and partners review development progress and challenges.","UN Assistance Mission in Afghanistan","20170709" "kabul" "09july2017" "unitednations" "unama" "mrtadamichiyamamoto" "attended" "deliveredspeech" "opening" "20thjointcoordinationandmonitoringboard" "jcmb" "meeting" "towardssom2017" "presidentialpalace" "afghanistan" "afghanleaders" "highlevel" "representatives" "international" "community" "security" "development" "priorities" "country" "identify" "internationalsupport" "people" "important" "conferencessecuritydevelopment" "presidentashrafghani" "cochairs" "eklilhakimi" "ministeroffinance" "tadamichiyamamoto" "srsg" "fardinwaezi" "un" "photo" "july" "2017" "afg",41
"Sublimation 7 - Recep Tayyip Erdoƒüan","advandenboom","recep" "tayyip" "erdoƒüan" "wereldleiders" "leiders" "worldleaders" "leadership" "portrait" "artist" "crealisme" "perceptionmanagement" "advandenboom" "perceptie" "changetheworld" "expositie" "hilversum" "peace" "mixedtechniques" "modernart" "painting" "create" "betterworld" "people" "crealism" "politici" "politicus" "nederland" "vrede" "respect" "change" "ideologie" "ideology" "leaders" "perception" "leiderschap" "newleadership" "ad" "van" "den" "boom",40
"Fear 6 - man","advandenboom","wereldleiders" "leiders" "worldleaders" "leadership" "portrait" "artist" "crealisme" "perceptionmanagement" "advandenboom" "perceptie" "changetheworld" "expositie" "hilversum" "peace" "mixedtechniques" "modernart" "painting" "create" "betterworld" "people" "crealism" "politici" "politicus" "nederland" "vrede" "respect" "change" "ideologie" "ideology" "leaders" "perception" "leiderschap" "newleadership" "ad" "van" "den" "boom" "fear" "crealismus",39
"sublimation 2","advandenboom","wereldleiders" "leiders" "worldleaders" "leadership" "portrait" "artist" "crealisme" "perceptionmanagement" "advandenboom" "perceptie" "changetheworld" "expositie" "hilversum" "peace" "mixedtechniques" "modernart" "painting" "create" "betterworld" "people" "crealism" "politici" "politicus" "nederland" "vrede" "respect" "change" "ideologie" "ideology" "leaders" "perception" "leiderschap" "newleadership" "ad" "van" "den" "boom",37
"Hilversummer 9 - Jules Dresm√©","advandenboom","wereldleiders" "leiders" "worldleaders" "leadership" "portrait" "artist" "crealisme" "perceptionmanagement" "advandenboom" "perceptie" "changetheworld" "expositie" "hilversum" "peace" "mixedtechniques" "modernart" "painting" "create" "betterworld" "people" "crealism" "politici" "politicus" "nederland" "vrede" "respect" "change" "ideologie" "ideology" "leaders" "perception" "leiderschap" "newleadership" "ad" "van" "den" "boom",37
"Hilversumse 2 - Leonie Sazias","advandenboom","wereldleiders" "leiders" "worldleaders" "leadership" "portrait" "artist" "crealisme" "perceptionmanagement" "advandenboom" "perceptie" "changetheworld" "expositie" "hilversum" "peace" "mixedtechniques" "modernart" "painting" "create" "betterworld" "people" "crealism" "politici" "politicus" "nederland" "vrede" "respect" "change" "ideologie" "ideology" "leaders" "perception" "leiderschap" "newleadership" "ad" "van" "den" "boom",37
"Hilversummer 7 - Pieter Broertjes","advandenboom","wereldleiders" "leiders" "worldleaders" "leadership" "portrait" "artist" "crealisme" "perceptionmanagement" "advandenboom" "perceptie" "changetheworld" "expositie" "hilversum" "peace" "mixedtechniques" "modernart" "painting" "create" "betterworld" "people" "crealism" "politici" "politicus" "nederland" "vrede" "respect" "change" "ideologie" "ideology" "leaders" "perception" "leiderschap" "newleadership" "ad" "van" "den" "boom",37
"Hilversummer 5 - Evert-Jan Hielema","advandenboom","wereldleiders" "leiders" "worldleaders" "leadership" "portrait" "artist" "crealisme" "perceptionmanagement" "advandenboom" "perceptie" "changetheworld" "expositie" "hilversum" "peace" "mixedtechniques" "modernart" "painting" "create" "betterworld" "people" "crealism" "politici" "politicus" "nederland" "vrede" "respect" "change" "ideologie" "ideology" "leaders" "perception" "leiderschap" "newleadership" "ad" "van" "den" "boom",37
"Hilversummer 4 -  Ali Lakfif","advandenboom","wereldleiders" "leiders" "worldleaders" "leadership" "portrait" "artist" "crealisme" "perceptionmanagement" "advandenboom" "perceptie" "changetheworld" "expositie" "hilversum" "peace" "mixedtechniques" "modernart" "painting" "create" "betterworld" "people" "crealism" "politici" "politicus" "nederland" "vrede" "respect" "change" "ideologie" "ideology" "leaders" "perception" "leiderschap" "newleadership" "ad" "van" "den" "boom",37
"Hilversummer 3 - Dirk","advandenboom","wereldleiders" "leiders" "worldleaders" "leadership" "portrait" "artist" "crealisme" "perceptionmanagement" "advandenboom" "perceptie" "changetheworld" "expositie" "hilversum" "peace" "mixedtechniques" "modernart" "painting" "create" "betterworld" "people" "crealism" "politici" "politicus" "nederland" "vrede" "respect" "change" "ideologie" "ideology" "leaders" "perception" "leiderschap" "newleadership" "ad" "van" "den" "boom",37
"Hilversummer 2 -  Willem van Rooy","advandenboom","wereldleiders" "leiders" "worldleaders" "leadership" "portrait" "artist" "crealisme" "perceptionmanagement" "advandenboom" "perceptie" "changetheworld" "expositie" "hilversum" "peace" "mixedtechniques" "modernart" "painting" "create" "betterworld" "people" "crealism" "politici" "politicus" "nederland" "vrede" "respect" "change" "ideologie" "ideology" "leaders" "perception" "leiderschap" "newleadership" "ad" "van" "den" "boom",37
"Hilversummer 1 - Raymond Waars","advandenboom","wereldleiders" "leiders" "worldleaders" "leadership" "portrait" "artist" "crealisme" "perceptionmanagement" "advandenboom" "perceptie" "changetheworld" "expositie" "hilversum" "peace" "mixedtechniques" "modernart" "painting" "create" "betterworld" "people" "crealism" "politici" "politicus" "nederland" "vrede" "respect" "change" "ideologie" "ideology" "leaders" "perception" "leiderschap" "newleadership" "ad" "van" "den" "boom",37
"170826-N-LV331-009","seawaves magazine","us" "unitedstates" "navy" "marine" "corps" "secretary" "secnav" "richard" "v" "spencer" "76" "76th" "graphic" "photo" "illustration" "representation" "priorities" "people" "capabilities" "process" "170724nlv331001" "lv331" "mc" "mc1" "mass" "communication" "specialist" "1st" "class" "armando" "gonzales" "mobile" "ala" "usa",34
"Secretary of the Navy pilots a flight simulator of a P-8A Poseidon aircraft.","Official U.S. Navy Imagery","priorities" "corps" "unitedstates" "secretary" "illustration" "170724nlv331001" "specialist" "76th" "photo" "process" "gonzales" "lv331" "1st" "us" "marine" "v" "mc" "richard" "mc1" "76" "communication" "armando" "graphic" "people" "representation" "spencer" "mass" "navy" "capabilities" "class" "secnav" "jacksonville" "fla" "usa",34
"170913-N-LV331-001","Photograph Curator","priorities" "corps" "unitedstates" "secretary" "illustration" "170724nlv331001" "specialist" "76th" "photo" "process" "gonzales" "lv331" "1st" "us" "marine" "v" "mc" "richard" "mc1" "76" "communication" "armando" "graphic" "people" "representation" "spencer" "mass" "navy" "capabilities" "class" "secnav" "washington" "dc",33
"170913-N-LV331-004","Photograph Curator","priorities" "corps" "unitedstates" "secretary" "illustration" "170724nlv331001" "specialist" "76th" "photo" "process" "gonzales" "lv331" "1st" "us" "marine" "v" "mc" "richard" "mc1" "76" "communication" "armando" "graphic" "people" "representation" "spencer" "mass" "navy" "capabilities" "class" "secnav" "washington" "dc",33
"Secretary of the Navy tours USS The Sullivans with Commander officer.","Official U.S. Navy Imagery","priorities" "corps" "unitedstates" "secretary" "illustration" "170724nlv331001" "specialist" "76th" "photo" "process" "gonzales" "lv331" "1st" "us" "marine" "v" "mc" "richard" "mc1" "76" "communication" "armando" "graphic" "people" "representation" "spencer" "mass" "navy" "capabilities" "class" "secnav" "mayport" "fla",33
"North Korea vintage Korean propaganda photo circa 1956 showing happy family with gifts - ""Radio Days""","moreska","north" "korea" "vintage" "propaganda" "photo" "1956" "radio" "telecommunications" "family" "ideology" "cold" "warera" "kim" "il" "sung" "household" "domestic" "people" "hangul" "publications" "magazines" "monthly" "chosun" "pictorial" "fifties" "history" "collectibles" "museum" "archive" "dprk" "asia",31
"P R I O R I T Y","D√©j√†View","nature" "first" "greens" "bee" "tree" "salmon" "bird" "water" "love" "naturelovers" "priorities" "artdaily" "dailyart" "dailydoodle" "doodle" "abstract" "myart" "abstractart" "ipadart" "art" "draw" "drawing" "sketch" "artwork" "artworks" "artoftheday" "digitaldoodle" "procreate" "instadaily",29
"Russia vintage Soviet-era propaganda photo circa 1956 showing factory near Stalingrad - ""Smokestack Economy""","moreska","russia" "vintage" "soviet" "photo" "stalingrad" "factory" "smokestacks" "industry" "workers" "cold" "warera" "communism" "collectivism" "blackandwhite" "iconic" "retro" "heavyindustry" "1950s" "showcase" "cyrillic" "ideology" "staging" "history" "20thcentury" "people" "monochrome" "archive" "museum" "ussr",29
"Anti-Revisionists protest Deng visit: 1979","washington_area_spark","revolutionary" "communist" "party" "deng" "xiaoping" "premier" "visit" "protest" "demonstration" "riot" "clash" "police" "picket" "fighting" "march" "washington" "dc" "1979" "anti" "revisionist" "mao" "zedong" "chinese" "embassy" "rcp",25
"Revisionist 2014 Confederate Veterans Memorial Plaza, Palestine, Texas 1708201411","Patrick Feller","revisionist" "confederate" "memorial" "plaza" "palestine" "anderson" "county" "texas" "tx" "monument" "park" "slavery" "racism" "racist" "jim" "crow" "civil" "war" "lynching" "south" "myth" "lost" "cause" "vile",24
"Revisionist 2014 Confederate Veterans Memorial Plaza, Palestine, Texas 1708201412","Patrick Feller","revisionist" "confederate" "memorial" "plaza" "palestine" "anderson" "county" "texas" "tx" "monument" "park" "slavery" "racism" "racist" "jim" "crow" "civil" "war" "lynching" "south" "myth" "lost" "cause" "vile",24
"Revisionist 2014 Confederate Veterans Memorial Plaza, Palestine, Texas 1708201416","Patrick Feller","revisionist" "confederate" "memorial" "plaza" "palestine" "anderson" "county" "texas" "tx" "monument" "park" "slavery" "racism" "racist" "jim" "crow" "civil" "war" "lynching" "south" "myth" "lost" "cause" "vile",24
"Revisionist 2014 Confederate Veterans Memorial Plaza, Palestine, Texas 1708201418","Patrick Feller","revisionist" "confederate" "memorial" "plaza" "palestine" "anderson" "county" "texas" "tx" "monument" "park" "slavery" "racism" "racist" "jim" "crow" "civil" "war" "lynching" "south" "myth" "lost" "cause" "vile",24
"Revisionist 2014 Confederate Veterans Memorial Plaza, Palestine, Texas 1708201419","Patrick Feller","revisionist" "confederate" "memorial" "plaza" "palestine" "anderson" "county" "texas" "tx" "monument" "park" "slavery" "racism" "racist" "jim" "crow" "civil" "war" "lynching" "south" "myth" "lost" "cause" "vile",24
"Revisionist 2014 Confederate Veterans Memorial Plaza, Palestine, Texas 1708201420","Patrick Feller","revisionist" "confederate" "memorial" "plaza" "palestine" "anderson" "county" "texas" "tx" "monument" "park" "slavery" "racism" "racist" "jim" "crow" "civil" "war" "lynching" "south" "myth" "lost" "cause" "vile",24
"Revisionist 2014 Confederate Veterans Memorial Plaza, Palestine, Texas 1708201421","Patrick Feller","revisionist" "confederate" "memorial" "plaza" "palestine" "anderson" "county" "texas" "tx" "monument" "park" "slavery" "racism" "racist" "jim" "crow" "civil" "war" "lynching" "south" "myth" "lost" "cause" "vile",24
"Revisionist 2014 Confederate Veterans Memorial Plaza, Palestine, Texas 1708201422","Patrick Feller","revisionist" "confederate" "memorial" "plaza" "palestine" "anderson" "county" "texas" "tx" "monument" "park" "slavery" "racism" "racist" "jim" "crow" "civil" "war" "lynching" "south" "myth" "lost" "cause" "vile",24
"Revisionist 2014 Confederate Veterans Memorial Plaza, Palestine, Texas 1708201423","Patrick Feller","revisionist" "confederate" "memorial" "plaza" "palestine" "anderson" "county" "texas" "tx" "monument" "park" "slavery" "racism" "racist" "jim" "crow" "civil" "war" "lynching" "south" "myth" "lost" "cause" "vile",24
"Revisionist 2014 Confederate Veterans Memorial Plaza, Palestine, Texas 1708201424","Patrick Feller","revisionist" "confederate" "memorial" "plaza" "palestine" "anderson" "county" "texas" "tx" "monument" "park" "slavery" "racism" "racist" "jim" "crow" "civil" "war" "lynching" "south" "myth" "lost" "cause" "vile",24
"Revisionist 2014 Confederate Veterans Memorial Plaza, Palestine, Texas 1708201425","Patrick Feller","revisionist" "confederate" "memorial" "plaza" "palestine" "anderson" "county" "texas" "tx" "monument" "park" "slavery" "racism" "racist" "jim" "crow" "civil" "war" "lynching" "south" "myth" "lost" "cause" "vile",24
"Revisionist 2014 Confederate Veterans Memorial Plaza, Palestine, Texas 1708201427","Patrick Feller","revisionist" "confederate" "memorial" "plaza" "palestine" "anderson" "county" "texas" "tx" "monument" "park" "slavery" "racism" "racist" "jim" "crow" "civil" "war" "lynching" "south" "myth" "lost" "cause" "vile",24
"Revisionist 2014 Confederate Veterans Memorial Plaza, Palestine, Texas 1708201431","Patrick Feller","revisionist" "confederate" "memorial" "plaza" "palestine" "anderson" "county" "texas" "tx" "monument" "park" "slavery" "racism" "racist" "jim" "crow" "civil" "war" "lynching" "south" "myth" "lost" "cause" "vile",24
"Revisionist 2014 Confederate Veterans Memorial Plaza, Palestine, Texas 1708201433","Patrick Feller","revisionist" "confederate" "memorial" "plaza" "palestine" "anderson" "county" "texas" "tx" "monument" "park" "slavery" "racism" "racist" "jim" "crow" "civil" "war" "lynching" "south" "myth" "lost" "cause" "vile",24
"20160528_124446","evieview2","crazy" "poser" "model" "redhead" "looneytunes" "distraction" "selfie" "photography" "girls" "skinny" "slim" "figure" "pretty" "dressup" "birthday" "green" "avatar" "newyearseve" "halloween" "winter" "summer" "flash" "reflection",23
"20160528_145300","evieview2","crazy" "poser" "model" "redhead" "looneytunes" "distraction" "selfie" "photography" "girls" "skinny" "slim" "figure" "pretty" "dressup" "birthday" "green" "avatar" "newyearseve" "halloween" "winter" "summer" "flash" "reflection",23
"20160605_155138","evieview2","crazy" "poser" "model" "redhead" "looneytunes" "distraction" "selfie" "photography" "girls" "skinny" "slim" "figure" "pretty" "dressup" "birthday" "green" "avatar" "newyearseve" "halloween" "winter" "summer" "flash" "reflection",23
"20160605_194949","evieview2","crazy" "poser" "model" "redhead" "looneytunes" "distraction" "selfie" "photography" "girls" "skinny" "slim" "figure" "pretty" "dressup" "birthday" "green" "avatar" "newyearseve" "halloween" "winter" "summer" "flash" "reflection",23
"20160605_202144","evieview2","crazy" "poser" "model" "redhead" "looneytunes" "distraction" "selfie" "photography" "girls" "skinny" "slim" "figure" "pretty" "dressup" "birthday" "green" "avatar" "newyearseve" "halloween" "winter" "summer" "flash" "reflection",23
"20160701_011005","evieview2","crazy" "poser" "model" "redhead" "looneytunes" "distraction" "selfie" "photography" "girls" "skinny" "slim" "figure" "pretty" "dressup" "birthday" "green" "avatar" "newyearseve" "halloween" "winter" "summer" "flash" "reflection",23
"20160701_135335","evieview2","crazy" "poser" "model" "redhead" "looneytunes" "distraction" "selfie" "photography" "girls" "skinny" "slim" "figure" "pretty" "dressup" "birthday" "green" "avatar" "newyearseve" "halloween" "winter" "summer" "flash" "reflection",23
"20160710_144628","evieview2","crazy" "poser" "model" "redhead" "looneytunes" "distraction" "selfie" "photography" "girls" "skinny" "slim" "figure" "pretty" "dressup" "birthday" "green" "avatar" "newyearseve" "halloween" "winter" "summer" "flash" "reflection",23
"20160710_184400","evieview2","crazy" "poser" "model" "redhead" "looneytunes" "distraction" "selfie" "photography" "girls" "skinny" "slim" "figure" "pretty" "dressup" "birthday" "green" "avatar" "newyearseve" "halloween" "winter" "summer" "flash" "reflection",23
"20160712_151530","evieview2","crazy" "poser" "model" "redhead" "looneytunes" "distraction" "selfie" "photography" "girls" "skinny" "slim" "figure" "pretty" "dressup" "birthday" "green" "avatar" "newyearseve" "halloween" "winter" "summer" "flash" "reflection",23
"20160715_023033","evieview2","crazy" "poser" "model" "redhead" "looneytunes" "distraction" "selfie" "photography" "girls" "skinny" "slim" "figure" "pretty" "dressup" "birthday" "green" "avatar" "newyearseve" "halloween" "winter" "summer" "flash" "reflection",23
"Bitter clashes greet Deng Xiaoping in D.C.: 1979","washington_area_spark","revolutionary" "communist" "party" "deng" "xiaoping" "china" "premier" "white" "house" "visit" "anti" "revisionist" "protest" "demonstration" "clash" "riot" "battle" "police" "arrest" "bob" "avakian" "exile" "1979",23
"The willy frogs #weird #awesome #Art #artsy #artwork #artscene #artist #arts# #illustration #love #cute #photooftheday #beautiful #priorities #tagsforlikes#cool #women #draw #sketchup #dream #hair #awesome #friends #total","Jeffinetly@ymail.com","weird" "awesome" "art" "artsy" "artwork" "artscene" "artist" "arts" "illustration" "love" "cute" "photooftheday" "beautiful" "priorities" "tagsforlikes" "women" "draw" "sketchup" "dream" "hair" "friends" "total",22
"GAMAR_101218_4934","Custody of the Holy Land - Photo Service (CPS)","bethlehem" "churchofsaintcatherine" "churchofstcatherine" "holyland" "holymass" "mass" "saintcatherine" "saintcatherineschurch" "stcatherine" "stcatherineschurch" "terrasanta" "terresainte" "gamar" "gate" "grille" "islam" "muslim" "palestinian" "palestinians" "women",20
"Drazgo≈°e","Romildo il lungimirante","peace" "freedom" "partisan" "komunism" "ideology" "monumento" "licht" "lighting" "east" "nikkor1424" "nikond750" "nikon" "simmetry" "slovenia" "tour" "trip" "architettura" "architecture" "spomenik" "balkans",20
"You talkin"' to me....or texting","Kevin Povenz Thanks for the 3,700,000 views","2017" "june" "kevinpovenz" "westmichigan" "michigan" "holland" "portrait" "blackandwhite" "bw" "hair" "glasses" "sunglasses" "curly" "person" "male" "canon7dmarkii" "distraction" "texting" "phone",19
"Khang prefers lap time to chow time, at least tonight. His bros have other priorities. #Harvey #Neeto #blackcatsrule #adoptdontshop #catsofbushwick #catfrat","Jimmy Legs","khang" "prefers" "lap" "time" "chow" "least" "tonight" "his" "bros" "have" "other" "priorities" "harvey" "neeto" "blackcatsrule" "adoptdontshop" "catsofbushwick" "catfrat",18
"11-12 (late) Arthur says ""give me a minute, will you""","marco sees things","distracted" "autumn" "sunny" "autumnleaves" "back" "london" "turning" "heath" "attentionspan" "englishsetter" "leaves" "setter" "autumncolours" "distraction" "arthur" "hampsteadheath",16
"Mummy‚Äôs Sweet Distraction... During the Evening Prayers at the Sufi Shrine of Hazrat Hazrat Khwaja Naseeruddin Mahmood Roshan Chirag-e- Delhi","Mayank Austen Soofi","sufism" "mummy‚Äôs" "sweet" "distraction" "during" "evening" "prayers" "sufi" "shrine" "hazrat" "khwaja" "naseeruddin" "mahmood" "roshan" "chirage" "delhi",16
"Deciding What"'s Important","ioensis","deciding" "exercise" "important" "balancing" "priorities" "visually" "japanese" "maple" "leaf" "november" "2017" "jdl" "ioensis" "33770001b¬©johnlangholz2017" "compromising",15
"138/366. Just stop it, George.","dazmo862","black" "beak" "yellow" "white" "furry" "jungle" "starwars" "georgelucas" "cavalry" "duck" "gun" "revisionist" "parody" "riding" "stormtrooper",15
"Priorities","Ashwhan","tv" "videogames" "priorities" "harnesses" "kink" "attention" "datenight" "sl" "secondlife" "shadows" "bedroom" "naughty" "sexy",13
"distracted","i.v.a.n.k.a","ivanadorn" "ivanahesova" "sonyalpha" "sunrise" "indonesia" "papandayan" "sunrays" "java" "illumination" "light" "day" "distraction",12
"Free Download Focus: Achieving Your Highest Priorities -  [FREE] Registrer - By Stephen R. Covey","get buy book","free" "download" "focus" "achieving" "your" "highest" "priorities" "registrer" "by" "stephen" "r" "covey",12
"After months reacting to crises, krewson takes aim at priorities ‚Äì chiefly on public safety","adr1682305408","after" "months" "reacting" "crises" "krewson" "takes" "aim" "priorities" "‚Äì" "chiefly" "public" "safety",12
"Quote of the Day: The Ideology of Love...","Mehdi/Messiah Foundation International","divine" "enlightened" "heart" "ideology" "love" "quote" "quoteoftheday" "quotes" "sanctuary" "wisdom" "wisewords" "younusalgohar",12
"So Let It Be Unwritten","dnskct","wah" "hereios" "werehere" "writtenword" "cartouche" "egyptian" "hieroglyphics" "trump" "obama" "revisionist" "october142017" "erasing",12
"CarriersEdge - Congested Area Train 1","TruckPR","carriersedge" "onlinedrivertraining" "tripplanningparkinganddeliveries" "distraction" "distracteddriving" "safeparkingprocedure" "safebackingprocedure" "pickupanddelivery" "urbanareadriving" "congestedareadriving" "collisionprevention",11
"CarriersEdge - Congested Area Train 3","TruckPR","carriersedge" "onlinedrivertraining" "tripplanningparkinganddeliveries" "distraction" "distracteddriving" "safeparkingprocedure" "safebackingprocedure" "pickupanddelivery" "urbanareadriving" "congestedareadriving" "collisionprevention",11
"175/365: Revisionist History.","davidmulder61","iphone" "phone" "podcast" "podcasting" "revisionist" "history" "malcolm" "gladwell" "earbuds" "headphones" "sunglasses",11
"20170914-_DSC9569.jpg","faizsyedhussain","stone" "cctv" "construction" "uk" "rust" "marble" "priorities" "guts" "london" "surveillance",10
"Trump administration outlines negotiating priorities for NAFTA","adr1682305408","trump" "administration" "outlines" "negotiating" "priorities" "for" "nafta",7
"Islamic State‚Äôs ‚Äòcaliphate‚Äô dissolves, but ideology, operations spread around world","hagmannreport","ideology" "iraq" "isis" "news" "politics" "syria" "unitedstates",7
"Ideology","lavmiskin","looking" "ideology" "portrait" "people" "blackadnwhite" "monochrome",6
"How to Keep your Mind from Wandering?","daisysmith0911","thoughts" "attention" "distraction" "stress" "ability",5
"Distraction?","Rebla","lego" "ww2" "wwii" "rebla" "distraction",5
"Postwar: A Revisionist Vision","artpicktexture","postwar" "a" "revisionist" "vision",4
"Reading book Distraction: Underground kings Unlimited","education books","reading" "book" "distraction",3
"Free Download Priorities in Critical Care Nursing, 7e -  Populer ebook - By #A#","ebooks best","free" "download" "priorities",3
"Ambulance, Kingsway, Newport 13 October 2017","Cold War Warrior","ambulance" "newport" "priorities",3
